Name and handle,ID number,Industry,Location,Not verified
William LeGate @williamlegate,38029205,,,
((Molly Jong-Fast)) @MollyJongFast,14298769,,,
Valerian Movie @ValerianMovie,3181124167,,,
Zach Holman @holman,11322372,,,
david nuzzy nussbaum @theNuzzy,128044351,,,
Adam Kay @amateuradam,21765319,,,
Jerry James Stone @jerryjamesstone,14346303,,,
Ellen Hopkins @EllenHopkinsLit,21891305,,,
Seth Peterson @sethpetersonla,509781514,,,
nic shields @nicshields,24886127,,,
Jamie Grayson @TheBabyGuyNYC,81505840,,,
Merts @ConnerMertens,560672804,,,
Scott Heisel @scottheisel,19327589,,,
Ian Fortey @IanFortey,68459858,,,
Ted Sullivan @karterhol,16343134,,,
Ben Rachinger @BenSRachinger,29620023,,,
Tim Guinee @TimGuinee,284619290,,,
Caleb Bacon @CalebEatsBacon,19480140,,,
Jonathan M. Sherman @improbablyjust,112422074,,,
Dan Howdle @DanHowdle,28119357,,,
Troy Osinoff @yo,16482279,,,
Brett S. Vergara @BrettSVergara,370111830,,,
Craig Shoemaker @thelovemaster,18089654,,,
Marconi @marconibologna,18918313,,,
Lars Wienand @LarsWienand,19618471,,,
Ines Helene @inihelene,2737965418,,,
Justin McLachlan @justinmclachlan,14370400,,,
Max Power @DJKwestion,182191629,,,
Benjamin Kerensa @bkerensa,14942319,,,
Alyssa Hertzig @alyssahertzig,158473531,,,
Melonie Diaz @Melonie_Diaz,284167739,,,
gabrus @jongabrus,145320485,,,
Dennis Perkins @DennisPerkins5,715228825,,,
Phil Hendrie @realphilhendrie,16193879,,,
Noam Galai @ngalai,27581466,,,
T·ïº·ïÆ ·ó∞I·ô≠·ô≠ @TheMIXXRadio,215258387,,,
Tina Jordan @EWTinaJordan,2329065619,,,
Prof. Vikas Shah @MrVikas,26468254,,,
Brian Scully @brianscully,104954985,,,
MalyndaHale @MalyndaHale,239455587,,,
SuCh @SuCh,168375266,,,
Alicia Lutes @alicialutes,21363690,,,
Lorraine C. Ladish @lorrainecladish,123767543,,,
Jimmy Smagula @JimmySmagula,298744007,,,
Sir Peter Luff @PeterJLuff,113585486,,,
Alan Bennett Ilagan @alanilagan,101017453,,,
Neal Hendrix @nealhendrix,129716643,,,
Greg Behrendt @gregorybehrendt,16327067,,,
HarleyPeyton @HarleyPeyton,17904888,,,
donholt99 @donholt99,29235560,,,
Mike Wickett @mikewickett,21938901,,,
Nicole Theodore @nctheodore,234176084,,,
Jon Cozart @JonCozart,64495817,,,
Jeffrey Gentry @jeffreygentry,84790917,,,
Clayburn Griffin @Clayburn,67769080,,,
Helen Kennedy @HelenKennedy,2199541,,,
Liz Mathews @Liz_Mathews,28575531,,,
Jordan Maron @CaptainSparklez,153918448,,,
Limmy @DaftLimmy,215394809,,,
Jon Bershad @JonBershad,23106258,,,
Zach Hunter @zachjhunter,22499614,,,
Lisa Gabriele @lisagabrieletv,156127302,,,
Shane Barnes @shanekealoha,17389746,,,
T. Rafael Cimino @TRafaelCimino,248300454,,,
Butch Parnell @butchparnell,3159953220,,,
Sarah Cooper @sarahcpr,14642495,,,
Elad Nehorai @PopChassid,180681251,,,
Shane Bazzi @shanebazzi,71807533,,,
Jack Schofield @jackschofield,18058741,,,
Oliver Willis @owillis,3497941,,,
Tim Maliyil @tim_maliyil,91243832,,,
William Sowers @williamsowers,27353642,,,
ERIC ALEXANDRAKIS @Alexandrakis,22234626,,,
Michael Roffman @michaelroffman,297786731,,,
John Kinnear @askdadblog,563796832,,,
Adam Fristoe @AdamFristoe,44162344,,,
Jack Pitney @jpitney,17754880,,,
Savan Kotecha @Savan_Kotecha,102872654,,,
geraLd @ImGeraLd,16927198,,,
Chris O'Coin @OCOIN,21116269,,,
Matt Small @newsmatt,16010317,,,
"Mo'Kelly, Inc. @MrMokelly",22596600,,,
kristyan benedict @KreaseChan,238367325,,,
Jesse Berney @jesseberney,47451496,,,
dan sterling @dansterl,56962117,,,
Cher @thecherness,902187896,,,
Richard Fenton @RichFenton,19527625,,,
David Montalvo @montalvo_d,389060072,,,
James Fell @BodyForWife,23665730,,,
Danny Deraney @DannyDeraney,18309553,,,
Spencer @Thesixler,128904040,,,
Elizabeth Picciuto @epicciuto,36651871,,,
William - DocSeven @DocSevenTV,2989733045,,,
John Haltiwanger @jchaltiwanger,192935052,,,
The Love Witch @IconHorrorUK,2800562622,,,
Ehsan Fadakar @ehsanfadakar,153819759,,,
Vic Berger IV @VicBergerIV,1673217121,,,
Sam E. Antar @SamAntar,17893558,,,
Michael J Pecoraro @smokinleather,429549919,,,
Maria @MariaMelee,14920719,,,
Lucas Rush @lucasrush,58065825,,,
Pierre Schydlowski @PSchydlowski,235910137,,,
Trita Parsi @tparsi,42176166,,,
djsteveporter @djsteveporter,17742514,,,
AdiKingsley-Hughes @the_pc_doc,52379675,,,
Aaron Gouveia @DaddyFiles,32531887,,,
Joe Johnson @JoeJohnsonOnAir,343372095,,,
Kristi Harrison @hereinid,45919912,,,
Adrianne Curry @AdrianneCurry,18130749,,,
Carlton Kirby @carltonkirby,262194542,,,
Zachary Jaydon @ZacharyJaydon,21736142,,,
Bill Shapiro @Bill_Shapiro,346720096,,,
Muhammed M. Altayer @m_altayer,66955179,,,
Zack Hunt @ZaackHunt,216099617,,,
john melendez @stutteringjohnm,27459374,,,
Barrett Tryon @btreports,12831332,,,
Dan Stuckey @danstuckey,42244985,,,
David Sugarman @SugarmanSpeaks,22792780,,,
Perez @ThePerezHilton,3911239745,,,
Matt Giraud @ImMattGiraud,40315069,,,
Chris Boyd @paperghost,2883191,,,
Matt Crockett @MrMattCrockett,27301103,,,
Joe Lycett @joelycett,17948810,,,
Ruwayda Mustafah @RuwaydaMustafah,102420077,,,
stuart braithwaite @plasmatron,18199849,,,
Erik Marquardt @ErikMarquardt,149441850,,,
Matt Peterson @mattbpete,15979089,,,
Time Gossage @TimGossage ,114672536,,,
Thomas Gorton @AngstromHoot,239879394,,,
ReShonda Billingsley @ReShondaT,27302273,,,
Florence Black @florenceblackUK,2149671350,,,
ella scott lynch @ellaschmoo,202956488,,,
Hunter King @HunterHaleyKing,32135595,,,
Michael Schwab @michaelschwab13,42688735,,,
Sara Kenigsberg @skenigsberg,25261154,,,
Andrew Hickey @andrewmhickey,15160622,,,
RJ City @RJCity1,258107257,,,
Brigette Supernova @Brig_Supernova,26533580,,,
Jeff Dwoskin @bigmacher,8522892,,,
Alexandra Halaby @iskandrah,160304538,,,
Courtney Soliday @CourtneySoliday,1653735218,,,
Twista @TWISTAgmg,29925273,,,
Ciaran Jenkins @C4Ciaran,61211629,,,
Elie Fares. @eliefares,19589217,,,
Matt Navarra @MattNavarra,16211566,,,
Kris Williams @KrisWilliams,39189100,,,
Jeramie Rain @jeramiedreyfuss,1521208898,,,
Every Voice @EveryVoice,90309830,,,
Isik Mater @isik5,27599261,,,
Jeff @JeffTutorials,2694154514,,,
Tim Huelskamp @CongHuelskamp,233761277,,,
Cameron Kennedy @CamcamKennedy,334936860,,,
Geesubay @geesubay,2166617023,,,
Josh Olin @JD_2020,16464746,,,
Leslie Marshall @LeslieMarshall,26350255,,,
Alex Goldschmidt @alexandergold,14326874,,,
David Hudgins @DavidHudgins3,564213574,,,
Glen Tickle @glentickle,24550521,,,
Scott Santens @scottsantens,14297863,,,
Tommy DO @tommydonothing,78429057,,,
Emily Colucci @emilycolucci,328585035,,,
CJ Johnson @cjjohnsonjr,20811534,,,
Bryan Bishop @bcbishop,15395001,,,
Patrick Gallagher @PatrickGman,262493882,,,
Wale Gates @walegates,100081485,,,
Omar Dal√≠ @iamomardali,19072163,,,
Stefan Friedli @stfn42,16696105,,,
Tim Wrobel @Timotato,30081425,,,
Dave Foley @DaveSFoley,16848539,,,
David Lazarus @Davidlaz,21328006,,,
Daniel O'Reilly @dapperlaughs,1033230666,,,
Syed M. Kazmi @SMahmoodKazmi,499138144,,,
Matt Donaher @mattdonaher,71331031,,,
Rob Szczerba @RJSzczerba,175711277,,,
Andrew Smith @marburyjack,18285686,,,
Stephen Robert Morse @morsels,14038942,,,
The Socialist Party @OfficialSPGB,252679436,,,
abdul @Advil,14417243,,,
Joe Schneider @fcancer,16428047,,,
Jonathan Tweet @JonathanMTweet,385078582,,,
Taylor Kuykendall @taykuy,15714370,,,
ALI COBRIN @AliCobrin,52048833,,,
Whitney Meyer @itswhitneymeyer,3108965767,,,
Ben Hooper @BenHooperWrites,4928431239,,,
Koohyar ⁄©ŸàŸá€åÿßÿ± @Koohyar,60391367,,,
Jeff Eisenband @JeffEisenband,239575120,,,
mark fleischmann @fleischster,392732910,,,
Steve Blum @blumspew,289074893,,,
Lars-Marten Nagel @lmn80,15297249,,,
Brandan Robertson @BrandanJR,27514990,,,
Jason Bailey @jasondashbailey,41009404,,,
Emanuel Zbeda @therealezway,2784089552,,,
Douglas Keane @douglaskeane,275328937,,,
Pittsburgh Slim @PittsburghSlim,23880118,,,
Adam Blickstein @AdamBlickstein,17493787,,,
Paul Vale @PaulVale,14560487,,,
rUv @rUv,10415712,,,
J√©Vanne Gibbs @JayGibbs_,28354277,,,
Stephen Mangan @StephenMangan,20136892,,,
Al√©x Young‚Äã @AlexYoung,7768892,,,
Anthony De Rosa @Anthony,1140451,,,
Kevin Collier @kevincollier,440963378,,,
jaime andrews @jmendrews,213152122,,,
C.S-E.I.D-T's @PaulGoebelShow,11149162,,,
Conor McCormick @ConorMichael28,3350923527,,,
Szechuan saucin on u @JustinCaffier,22963273,,,
Michael @OmanReagan,930174438,,,
NIKKOLAS @4NIKKOLAS,16976061,,,
Vicky Kuperman @vickykuperman,56423659,,,
Blake Robinson @blake,894601,,,
Jerry Saltz @jerrysaltz,90573676,,,
The Real News @TheRealNews,8719302,,,
Bruno Amato @BrunoAmato_1,524024759,,,
◊®◊ï◊¢◊ô ◊ë◊®◊ß @ronenbergen,290184552,,,
Jon Risinger @JonRisinger,12015232,,,
Matt Haig @matthaig1,35270579,,,
AJ Joshi @AJ,73956951,,,
Josh Mikel @Joshua_Mikel,957670466,,,
Amy Holden Jones @aholdenj,343840835,,,
Dennis Lynch @neato_itsdennis,834171632,,,
Justin Lonero @lonero_justin,1358236662,,,
Seth Grahame-Smith @sethgs,19214688,,,
David Pepper @DavidPepper,19638751,,,
Josh Withey  @josh_withey,24290709,,,
Molly Knight @molly_knight,45882011,,,
Christopher Hahn @ChristopherHahn,27386099,,,
David Goldfarb @locust9,47429047,,,
K. Thor Jensen @kthorjensen,25319959,,,
Christina Ginn @ChristinaCNN,113199229,,,
Paul and Storm @paulandstorm,8914942,,,
Adam Newman @Adam_Newman,33249013,,,
Heather Whaley @HeatherWhaley,26035764,,,
Ariane Bellamar @ArianeBellamar,580223849,,,
Anthony Domanico @ajdomanico,22271574,,,
ÿ£ÿ≠ŸÖÿØ ÿπÿßÿ¥Ÿàÿ± | Ashour @ashour,7843282,,,
Zak Orth @ZakOrth,19342369,,,
heather mason jar @NerdHeather,7784792,,,
Danielle Muscato @DanielleMuscato,19444865,,,
Dan Telfer @dantelfer,17735424,,,
Chris Pirillo @ChrisPirillo,756278,,,
Abhishek Mukherjee @ovshake42,541499063,,,
Al Letson @Al_Letson,27442822,,,
Keegan Stephan @KeeganNYC,93879982,,,
Shawn Garrett @ShawnGarrett,29310709,,,
Ben Wikler @benwikler,851211,,,
Mark Pygas @MarkPygas,138661509,,,
Ewen McRae @ewenmcrae,258722453,,,
Ken Klippenstein @kenklippenstein,1634248890,,,
Mike Rosenberg @ByRosenberg,37557953,,,
Dumb Bozo @davelozo,28333369,,,
Zach Schonfeld @zzzzaaaacccchhh,624762482,,,
Adam Mordecai @advodude,1520501,,,
Jen Statsky @jenstatsky,45607170,,,
Tyler Hansen @tjhansen,935776758,,,
Anirvan Ghosh @anirvanghosh,29187734,,,
erik lonnquist @ggDoA,206027357,,,
i have died @ChrisCaesar,20655790,,,
Dr. Craig Malkin @DrCraigMalkin,140883357,,,
Lauren Wolfe @Wolfe321,248817681,,,
Chris Choi @thischoi,18289035,,,
Griffin Newman @GriffLightning,19227177,,,
rafael @rarmenta_,281599766,,,
Victor Huckabee @popesaintvictor,14413441,,,
Caroline Feraday @CarolineFeraday,168448925,,,
Scott Menor @smenor,21063394,,,
Tyler Conway @jtylerconway,42274753,,,
Lamps @EricLampaert,26982651,,,
Jemaine Clement @AJemaineClement,23578176,,,
Chris Harnick @chrisharnick,15313939,,,
Mikel Jollett @Mikel_Jollett,594175899,,,
BenDavid Grabinski @bdgrabinski,742487810024689664,,,
Duncan Trussell PhD @duncantrussell,15030766,,,
Erick Fernandez @ErickFernandez,450921524,,,
Nick Jack Pappas @Pappiness,30726383,,,
Evan Dashevsky @haldash,17809344,,,
Mandy St. Amand @mandystlpd,16578525,,,
Evan Rosenfeld @Evan_Rosenfeld,518254771,,,
Brandon Neely @BrandonTXNeely,1640603341,,,
PJ Sykes @pjsykes,19343658,,,
Man vs Pink @ManVsPink,2476878900,,,
elan gale @theyearofelan,20012063,,,
Joel L. Watts @eJoelWatts,27344468,,,
Fusion @Fusion,121817564,,,
rob delaney @robdelaney,22084427,,,
Kevin O'Leary @kevincarroleary,61902717,,,
Amy Voce @amyvoce,219423527,,,
Gary A Williams @GaryAWilliams,71199966,,,
Jose Andrade @jandrade,13841712,,,
Joe Harris @joeharris,6162282,,,
Samantha Ruddy @samlymatters,38779513,,,
Chelsea Peretti @chelseaperetti,78194111,,,
Brian McNoldy @BMcNoldy,617299845,,,
Alex Metric @Alexmetric,19570059,,,
Jess Dweck @TheDweck,98247788,,,
Shaun O'Banion @shaun_obanion,116556223,,,
StevenBoyer @SteveBoyer5000,844752451,,,
David Rothkopf @djrothkopf,402888514,,,
Dan Smith @0DanSmith,711943898,,,
Mark Collier @sparkycollier,813402,,,
Adam McLane @mclanea,9904602,,,
Chris Riotta @chrisriotta,366666718,,,
Aaron Kaufman @Aaron_Kaufman,23780120,,,
Chris Rollins @chrisrollins_,129367583,,,
Adam Ragusea @aragusea,28413,,,
Leslie Wimes @womenonthemove1,101097644,,,
Ed Cumming @edcumming,18996798,,,
Scott Monty @ScottMonty,1035491,,,
maggie cassella @maggiecassella,110045625,,,
Ben Berkon @BenBerkon,91431221,,,
Hanna Flint @HannaFlint,31547591,,,
Gissur Simonarson @GissiSim,6754922,,,
Erich McElroy @erichmcelroy,147304867,,,
Asa Elliott @AsaElliott,20233668,,,
Emma Kennedy @EmmaKennedy,23217907,,,
pourmecoffee @pourmecoffee,16906137,,,
Benjamin Byron Davis @Tooda,19098606,,,
Matt McDermott @mattmfm,15418628,,,
Forsberg‚Ñ¢ @forsberg,14420387,,,
Tim Ball @tball,11154172,,,
rob dobi @Robdobi,19949262,,,
Eric Litman @ericlitman,3975041,,,
Dave Hogg @Stareagle,798556,,,
Josh S√°nchez @jnsanchez,24755012,,,
Parker Molloy @ParkerMolloy,634734888,,,
Impeach Donald Trump @Impeach_D_Trump,133938408,,,Not verified
Jail Donald Trump @DTrumpExposed,132339474,,,
BRIAN EVANS @croon1,29122382,,,
Pasquale D'Silva @pasql,187793,,,
David Burn @DetroitSocial,21005709,,,
Tora Woloshin @ToraWoloshin,368654963,,,
Charles Ryan Mauk @charliemizza,40956087,,,
Joseph Amodeo @josephamodeo,212647359,,,
Kaj-Erik Eriksen @KajEriksen,17610271,,,
Adam Rose @RealAdamRose,23921310,,,
Paolo Gregoletto @TriviumPaolo,22662704,,,
Zach Everson @Z_Everson,13951732,,,
Jules Suzdaltsev @jules_su,17891808,,,
Amelia Gapin @EntirelyAmelia,585789428,,,
Travis Nichols @travisjnichols,34093167,,,
Eric Weinrib @EricWeinrib,20405163,,,
Kristina Wong @mskristinawong,19925278,,,
Bess Kalb @bessbell,36712233,,,
Leigh Van Bryan @LeighBryan,27933597,,,
Emperor Per$ad @mrmichaelpersad,424621026,,,
Shannon Watts @shannonrwatts,246939630,,,
Jeffrey Guterman @JeffreyGuterman,246103,,,
Laura Packard @lpackard,14193053,,,
Kevin @TheKevinDent,112001635,,,
Lars Steinh√∂fel @LarsSteinhoefel,102924925,,,
JoeMyGod @JoeMyGod,16490790,,,
nick abbot @NIAbbot,309613216,,,
Adam Goldberg @TheAdamGoldberg,243965913,,,
Jason CT @JasonCT,14123301,,,
Jonathan Boucher @jonbouch,74870032,,,
Gregory McKelvey @GregoryMcKelvey,193958168,,,
Andy Ostroy @AndyOstroy,123281100,,,
Rod Blackhurst @rodblackhurst,24955190,,,
Martyn LeNoble @martynlenoble,49077908,,,
Shaun Keaveny @shaunwkeaveny,102027437,,,
Sebastian Moritz @555_SCHUH,3513419667,,,
Alex Zalben @azalben,14124866,,,
Chuck Nowlin @ChuckNowlinWZLX,49621522,,,
Slade Douglas @SladeDouglas,124374215,,,
cx @cxcope,130781387,,,
Danny Sullivan @dannysullivan,858051,,,
Tom Coates @tomcoates,12514,,,
Russian Market @russian_market,243318995,,,
Kris Sanchez @KrisSanchez,31497981,,,
A Aryeh Perez @Jethro_Aryeh,115299036,,,
Simon Hedlin @simonhedlin,137673734,,,
Tom Bonier @tbonier,26260537,,,
Cole Ledford @ColeLedford11,860160420,,,
Jordan Uhl @JordanUhl,68752979,,,
Jeffrey Grubb @JeffGrubb,14789070,,,
Austin Braun @AustinOnSocial,1051295658,,,
Christoph Rehage @crehage,132130976,,,
Rob Smith @robsmithireland,20675556,,,
jeremyjojola @jeremyjojola,15622480,,,
Yoely Lebovits @Badchen,36236905,,,
CURTIS' D√ÖRLIG TUR @cebsilver,36511807,,,
Jen Vargas @jenvargas,14707086,,,
ŸÖÿπÿßÿ∞ ÿßŸÑÿ¨ŸÜÿØŸÑ @MUATH_ALJANDAL,321657875,,,
Scott Collura @ScottCollura,132268263,,,
Matt Binder @MattBinder,14931637,,,
Rob @RobCabrera,22001784,,,
Ian Boothby @IanBoothby,79110193,,,
Scot Williams @scotwilliams,173884216,,,
John de Guzm√°n @johndeguzman,15391930,,,
bob clendenin @bobclendenin,104309271,,,
Matt SantaMaria @MattSantaMaria,24288852,,,
Jeremy M @thismyshow,16161057,,,
Calvin @calvinstowell,23141473,,,
Kyle Feldscher @Kyle_Feldscher,270457886,,,
Alex Haditaghi @Alexhaditaghi,318244027,,,
Khary Penebaker @kharyp,53503202,,,
Tom Morris @tommorris32,370524438,,,
Aramis Sartorio @TommyPistol,38793443,,,
Dom Knight @domknight,6782812,,,
Mark Cuban @subzerov690,321029781,,,Not verified
Tony Posnanski @tonyposnanski,17642747,,,
Salaam Bhatti @salawm,289052830,,,
MatthewDicks @MatthewDicks,18108585,,,
Joe Papp @joepabike,17928897,,,
Ashley Feinberg @ashleyfeinberg,165944767,,,
Tommy Campbell @MrTommyCampbell,30739842,,,
Mike P Williams @Mike_P_Williams,32974114,,,
üêá @VeeVee,16507122,,,
Roland Scahill @rolandscahill,19865053,,,
Ali Abunimah @AliAbunimah,16799023,,,